{"cameraMode":{"drawMode":0,"name":"Shaded","section":"Shading Mode"},"sceneLighting":false,"audioPlay":false,"sceneViewState":{"m_AlwaysRefresh":false,"showFog":true,"showSkybox":false,"showFlares":true,"showImageEffects":true,"showParticleSystems":true,"showVisualEffectGraphs":true,"m_FxEnabled":true},"in2DMode":false,"pivot":{"x":2.86405086517334,"y":4.4929704666137699,"z":15.587957382202149},"rotation":{"x":-0.020005863159894944,"y":0.09583690017461777,"z":0.0019625683780759575,"w":0.9952412247657776},"size":12.798283576965332,"orthographic":false}