{"cameraMode":{"drawMode":0,"name":"Shaded","section":"Shading Mode"},"sceneLighting":false,"audioPlay":false,"sceneViewState":{"m_AlwaysRefresh":false,"showFog":true,"showSkybox":false,"showFlares":true,"showImageEffects":true,"showParticleSystems":true,"showVisualEffectGraphs":true,"m_FxEnabled":true},"in2DMode":false,"pivot":{"x":-39.76678466796875,"y":98.06253051757813,"z":29.520540237426759},"rotation":{"x":-0.009932381100952626,"y":0.9431606531143189,"z":-0.028303317725658418,"w":-0.3309800922870636},"size":10.583000183105469,"orthographic":true}