{"cameraMode":{"drawMode":0,"name":"Shaded","section":"Shading Mode"},"sceneLighting":false,"audioPlay":false,"sceneViewState":{"m_AlwaysRefresh":false,"showFog":true,"showSkybox":false,"showFlares":true,"showImageEffects":true,"showParticleSystems":true,"showVisualEffectGraphs":true,"m_FxEnabled":true},"in2DMode":false,"pivot":{"x":10.004913330078125,"y":96.34202575683594,"z":-10.004913330078125},"rotation":{"x":0.042265184223651889,"y":0.342081218957901,"z":-0.015404065139591694,"w":0.9385926127433777},"size":10.606613159179688,"orthographic":true}