{"cameraMode":{"drawMode":0,"name":"Shaded","section":"Shading Mode"},"sceneLighting":false,"audioPlay":false,"sceneViewState":{"m_AlwaysRefresh":false,"showFog":true,"showSkybox":false,"showFlares":true,"showImageEffects":true,"showParticleSystems":true,"showVisualEffectGraphs":true,"m_FxEnabled":true},"in2DMode":false,"pivot":{"x":-40.00445556640625,"y":96.34202575683594,"z":-29.988431930541993},"rotation":{"x":0.03081267885863781,"y":-0.2068900316953659,"z":0.0065191821195185188,"w":0.9778569340705872},"size":11.587396621704102,"orthographic":true}