{"cameraMode":{"drawMode":0,"name":"Shaded","section":"Shading Mode"},"sceneLighting":false,"audioPlay":false,"sceneViewState":{"m_AlwaysRefresh":false,"showFog":true,"showSkybox":false,"showFlares":true,"showImageEffects":true,"showParticleSystems":true,"showVisualEffectGraphs":true,"m_FxEnabled":true},"in2DMode":false,"pivot":{"x":-40.00445556640625,"y":96.34202575683594,"z":-29.988431930541993},"rotation":{"x":0.002992872381582856,"y":-0.06894517689943314,"z":0.00020681429305113852,"w":0.997616171836853},"size":11.587396621704102,"orthographic":true}