{"cameraMode":{"drawMode":0,"name":"Shaded","section":"Shading Mode"},"sceneLighting":false,"audioPlay":false,"sceneViewState":{"m_AlwaysRefresh":false,"showFog":true,"showSkybox":false,"showFlares":true,"showImageEffects":true,"showParticleSystems":true,"showVisualEffectGraphs":true,"m_FxEnabled":true},"in2DMode":false,"pivot":{"x":0.06384515762329102,"y":4.1030168533325199,"z":1.3127250671386719},"rotation":{"x":-0.0017161115538328887,"y":-0.9850670695304871,"z":-0.010359209030866623,"w":0.17224788665771485},"size":7.352766513824463,"orthographic":true}