{"cameraMode":{"drawMode":0,"name":"Shaded","section":"Shading Mode"},"sceneLighting":false,"audioPlay":false,"sceneViewState":{"m_AlwaysRefresh":false,"showFog":true,"showSkybox":false,"showFlares":true,"showImageEffects":true,"showParticleSystems":true,"showVisualEffectGraphs":true,"m_FxEnabled":true},"in2DMode":false,"pivot":{"x":-2.292548418045044,"y":9.974098205566407,"z":-14.507271766662598},"rotation":{"x":0.08322835713624954,"y":0.19161881506443025,"z":-0.016251374036073686,"w":0.9778494238853455},"size":12.413515090942383,"orthographic":false}