{"cameraMode":{"drawMode":0,"name":"Shaded","section":"Shading Mode"},"sceneLighting":false,"audioPlay":false,"sceneViewState":{"m_AlwaysRefresh":false,"showFog":true,"showSkybox":false,"showFlares":true,"showImageEffects":true,"showParticleSystems":true,"showVisualEffectGraphs":true,"m_FxEnabled":true},"in2DMode":false,"pivot":{"x":-20.001312255859376,"y":98.09242248535156,"z":-10.001312255859375},"rotation":{"x":0.17293652892112733,"y":0.0457816906273365,"z":-0.008047480136156083,"w":0.9838377833366394},"size":10.508354187011719,"orthographic":true}