{"cameraMode":{"drawMode":0,"name":"Shaded","section":"Shading Mode"},"sceneLighting":false,"audioPlay":false,"sceneViewState":{"m_AlwaysRefresh":false,"showFog":true,"showSkybox":false,"showFlares":true,"showImageEffects":true,"showParticleSystems":true,"showVisualEffectGraphs":true,"m_FxEnabled":true},"in2DMode":false,"pivot":{"x":2.7011799812316896,"y":-1.209639072418213,"z":8.649332046508789},"rotation":{"x":0.01799125224351883,"y":-0.029389267787337304,"z":0.0005290651461109519,"w":0.9994076490402222},"size":5.42417573928833,"orthographic":true}