{"cameraMode":{"drawMode":0,"name":"Shaded","section":"Shading Mode"},"sceneLighting":false,"audioPlay":false,"sceneViewState":{"m_AlwaysRefresh":false,"showFog":true,"showSkybox":false,"showFlares":true,"showImageEffects":true,"showParticleSystems":true,"showVisualEffectGraphs":true,"m_FxEnabled":true},"in2DMode":false,"pivot":{"x":-44.239036560058597,"y":100.61415100097656,"z":-38.813480377197269},"rotation":{"x":0.3056962788105011,"y":0.08729559183120728,"z":-0.028097927570343019,"w":0.9477814435958862},"size":11.587396621704102,"orthographic":false}