{"cameraMode":{"drawMode":0,"name":"Shaded","section":"Shading Mode"},"sceneLighting":false,"audioPlay":false,"sceneViewState":{"m_AlwaysRefresh":false,"showFog":true,"showSkybox":false,"showFlares":true,"showImageEffects":true,"showParticleSystems":true,"showVisualEffectGraphs":true,"m_FxEnabled":true},"in2DMode":false,"pivot":{"x":0.1288738250732422,"y":7.491169452667236,"z":-0.12556076049804688},"rotation":{"x":0.0717354342341423,"y":0.9275901913642883,"z":-0.2788046598434448,"w":0.23831814527511598},"size":10.930130004882813,"orthographic":false}