{"cameraMode":{"drawMode":0,"name":"Shaded","section":"Shading Mode"},"sceneLighting":false,"audioPlay":false,"sceneViewState":{"m_AlwaysRefresh":false,"showFog":true,"showSkybox":false,"showFlares":true,"showImageEffects":true,"showParticleSystems":true,"showVisualEffectGraphs":true,"m_FxEnabled":true},"in2DMode":false,"pivot":{"x":-10.24579906463623,"y":3.642826557159424,"z":-10.128026008605957},"rotation":{"x":0.0015451502986252308,"y":0.7019704580307007,"z":0.0015525365015491844,"w":-0.7122928500175476},"size":0.8660253882408142,"orthographic":false}