{"cameraMode":{"drawMode":0,"name":"Shaded","section":"Shading Mode"},"sceneLighting":false,"audioPlay":false,"sceneViewState":{"m_AlwaysRefresh":false,"showFog":true,"showSkybox":false,"showFlares":true,"showImageEffects":true,"showParticleSystems":true,"showVisualEffectGraphs":true,"m_FxEnabled":true},"in2DMode":false,"pivot":{"x":-6.4500346183776859,"y":-0.17461639642715455,"z":15.323278427124024},"rotation":{"x":0.06611030548810959,"y":-0.25311893224716189,"z":0.017346367239952089,"w":0.9650759696960449},"size":12.798283576965332,"orthographic":false}